fastq_name,sample,genotype,nitrogen,replicate,batch
2_12101R11_S1_R1_001.fastq.gz,WT_R1,WT,N1,1,1
2_12101R12_S2_R1_001.fastq.gz,WT_R2,WT,N1,2,1
2_12101R21_S6_R1_001.fastq.gz,WT_R3,WT,N1,3,1
2_12101R31_S11_R1_001.fastq.gz,WT_R4,WT,N1,4,1
2_12101R32_S12_R1_001.fastq.gz,WT_R5,WT,N2,4,1
12101R11_S1_R1_001.fastq.gz,WT_R1,WT,N1,1,1
12101R12_S2_R1_001.fastq.gz,WT_R2,WT,N1,2,1
12101R21_S6_R1_001.fastq.gz,WT_R3,WT,N1,3,1
12101R22_S7_R1_001.fastq.gz,WT_R4,WT,N1,4,1
12101R31_S11_R1_001.fastq.gz,WT_R5,WT,N2,4,1
12101R32_S12_R1_001.fastq.gz,leuR_R1,leuR_del,N1,1,1
2_12181R1_S3_R1_001.fastq.gz,leuB_R1,leuB_del,N1,1,1
2_12181R2_S8_R1_001.fastq.gz,leuB_R2,leuB_del,N1,2,1
2_12181R3_S13_R1_001.fastq.gz,leuB_R3,leuB_del,N1,3,1
12181R1_S3_R1_001.fastq.gz,leuB_R1,leuB_del,N1,1,1
12181R2_S8_R1_001.fastq.gz,leuB_R2,leuB_del,N1,2,1
12181R3_S13_R1_001.fastq.gz,leuB_R3,leuB_del,N1,3,1
RT503R1_S4_R1_001.fastq.gz,leuR_R1,leuR_del,N1,1,1
RT503R2_S9_R1_001.fastq.gz,leuR_R2,leuR_del,N1,2,1
RT503R3_S14_R1_001.fastq.gz,leuR_R3,leuR_del,N1,3,1
2_RT503R1_S4_R1_001.fastq.gz,leuR_R1,leuR_del,N1,1,1
2_RT503R2_S9_R1_001.fastq.gz,leuR_R2,leuR_del,N1,2,1
2_RT503R3_S14_R1_001.fastq.gz,leuR_R3,leuR_del,N1,3,1
2_RT499R1_S5_R1_001.fastq.gz,double_R1,double_del,N1,1,1
2_RT499R2_S10_R1_001.fastq.gz,double_R2,double_del,N1,2,1
2_RT499R3_S15_R1_001.fastq.gz,double_R3,double_del,N1,3,1
RT499R1_S5_R1_001.fastq.gz,double_R1,double_del,N1,1,1
RT499R2_S10_R1_001.fastq.gz,double_R2,double_del,N1,2,1
RT499R3_S15_R1_001.fastq.gz,double_R3,double_del,N1,3,1